The thread 0x6c3c has exited with code 0 (0x0).
The thread 0x4148 has exited with code 0 (0x0).
The thread 0x6870 has exited with code 0 (0x0).
The thread 0x4ee8 has exited with code 0 (0x0).
Invariant Language (Invariant Country), 
[0204/231550.791:INFO:CONSOLE(4077)] "isLocalDeviceAttached true", source: http://localhost:4200/main.js (4077)
The thread 0x3b34 has exited with code 0 (0x0).
The thread 0x3f90 has exited with code 0 (0x0).
The thread 0x6848 has exited with code 0 (0x0).
The thread 0x4e0c has exited with code 0 (0x0).
The thread 0x17dc has exited with code 0 (0x0).
Afar, aa
The thread 0x3108 has exited with code 0 (0x0).
The thread 0xc6c has exited with code 0 (0x0).
Afar (Djibouti), aa-DJ
Afar (Eritrea), aa-ER
Afar (Ethiopia), aa-ET
Afrikaans, af
Afrikaans (Namibia), af-NA
Afrikaans (South Africa), af-ZA
Aghem, agq
Aghem (Cameroon), agq-CM
Akan, ak
Akan (Ghana), ak-GH
Amharic, am
Amharic (Ethiopia), am-ET
Arabic, ar
Arabic (World), ar-001
Arabic (United Arab Emirates), ar-AE
Arabic (Bahrain), ar-BH
Arabic (Djibouti), ar-DJ
Arabic (Algeria), ar-DZ
Arabic (Egypt), ar-EG
Arabic (Eritrea), ar-ER
Arabic (Israel), ar-IL
Arabic (Iraq), ar-IQ
Arabic (Jordan), ar-JO
Arabic (Comoros), ar-KM
Arabic (Kuwait), ar-KW
Arabic (Lebanon), ar-LB
Arabic (Libya), ar-LY
Arabic (Morocco), ar-MA
Arabic (Mauritania), ar-MR
Arabic (Oman), ar-OM
Arabic (Palestinian Authority), ar-PS
Arabic (Qatar), ar-QA
Arabic (Saudi Arabia), ar-SA
Arabic (Sudan), ar-SD
Arabic (Somalia), ar-SO
Arabic (South Sudan), ar-SS
Arabic (Syria), ar-SY
Arabic (Chad), ar-TD
Arabic (Tunisia), ar-TN
Arabic (Yemen), ar-YE
Mapudungun, arn
Mapudungun (Chile), arn-CL
Assamese, as
Assamese (India), as-IN
Asu, asa
Asu (Tanzania), asa-TZ
Asturian, ast
Asturian (Spain), ast-ES
Azerbaijani, az
Azerbaijani (Cyrillic), az-Cyrl
Azerbaijani (Cyrillic, Azerbaijan), az-Cyrl-AZ
Azerbaijani (Latin), az-Latn
Azerbaijani (Latin, Azerbaijan), az-Latn-AZ
Bashkir, ba
Bashkir (Russia), ba-RU
Basaa, bas
Basaa (Cameroon), bas-CM
Belarusian, be
Belarusian (Belarus), be-BY
Bemba, bem
Bemba (Zambia), bem-ZM
Bena, bez
Bena (Tanzania), bez-TZ
Bulgarian, bg
Bulgarian (Bulgaria), bg-BG
Edo, bin
Edo (Nigeria), bin-NG
Bamanankan, bm
Bamanankan (Latin), bm-Latn
Bamanankan (Latin, Mali), bm-Latn-ML
Bangla, bn
Bangla (Bangladesh), bn-BD
Bangla (India), bn-IN
Tibetan, bo
Tibetan (China), bo-CN
Tibetan (India), bo-IN
Breton, br
Breton (France), br-FR
Bodo, brx
Bodo (India), brx-IN
Bosnian, bs
Bosnian (Cyrillic), bs-Cyrl
Bosnian (Cyrillic, Bosnia and Herzegovina), bs-Cyrl-BA
Bosnian (Latin), bs-Latn
Bosnian (Latin, Bosnia and Herzegovina), bs-Latn-BA
Blin, byn
Blin (Eritrea), byn-ER
Catalan, ca
Catalan (Andorra), ca-AD
Catalan (Catalan), ca-ES
Valencian (Spain), ca-ES-valencia
Catalan (France), ca-FR
Catalan (Italy), ca-IT
Chechen, ce
Chechen (Russia), ce-RU
Chiga, cgg
Chiga (Uganda), cgg-UG
Cherokee, chr
Cherokee, chr-Cher
Cherokee (Cherokee, United States), chr-Cher-US
Corsican, co
Corsican (France), co-FR
Czech, cs
Czech (Czechia), cs-CZ
Church Slavic, cu
Church Slavic (Russia), cu-RU
Welsh, cy
Welsh (United Kingdom), cy-GB
Danish, da
Danish (Denmark), da-DK
Danish (Greenland), da-GL
Taita, dav
Taita (Kenya), dav-KE
German, de
German (Austria), de-AT
German (Belgium), de-BE
German (Switzerland), de-CH
German (Germany), de-DE
German (Italy), de-IT
German (Liechtenstein), de-LI
German (Luxembourg), de-LU
Zarma, dje
Zarma (Niger), dje-NE
Lower Sorbian, dsb
Lower Sorbian (Germany), dsb-DE
Duala, dua
Duala (Cameroon), dua-CM
Divehi, dv
Divehi (Maldives), dv-MV
Jola-Fonyi, dyo
Jola-Fonyi (Senegal), dyo-SN
Dzongkha, dz
Dzongkha (Bhutan), dz-BT
Embu, ebu
Embu (Kenya), ebu-KE
Ewe, ee
Ewe (Ghana), ee-GH
Ewe (Togo), ee-TG
Greek, el
Greek (Cyprus), el-CY
Greek (Greece), el-GR
English, en
English (World), en-001
English (Caribbean), en-029
English (Europe), en-150
English (Antigua and Barbuda), en-AG
English (Anguilla), en-AI
English (American Samoa), en-AS
English (Austria), en-AT
English (Australia), en-AU
English (Barbados), en-BB
English (Belgium), en-BE
English (Burundi), en-BI
English (Bermuda), en-BM
English (Bahamas), en-BS
English (Botswana), en-BW
English (Belize), en-BZ
English (Canada), en-CA
English (Cocos (Keeling) Islands), en-CC
English (Switzerland), en-CH
English (Cook Islands), en-CK
English (Cameroon), en-CM
English (Christmas Island), en-CX
English (Cyprus), en-CY
English (Germany), en-DE
English (Denmark), en-DK
English (Dominica), en-DM
English (Eritrea), en-ER
English (Finland), en-FI
English (Fiji), en-FJ
English (Falkland Islands), en-FK
English (Micronesia), en-FM
English (United Kingdom), en-GB
English (Grenada), en-GD
English (Guernsey), en-GG
English (Ghana), en-GH
English (Gibraltar), en-GI
English (Gambia), en-GM
English (Guam), en-GU
English (Guyana), en-GY
English (Hong Kong SAR), en-HK
English (Indonesia), en-ID
English (Ireland), en-IE
English (Israel), en-IL
English (Isle of Man), en-IM
English (India), en-IN
English (British Indian Ocean Territory), en-IO
English (Jersey), en-JE
English (Jamaica), en-JM
English (Kenya), en-KE
English (Kiribati), en-KI
English (Saint Kitts and Nevis), en-KN
English (Cayman Islands), en-KY
English (Saint Lucia), en-LC
English (Liberia), en-LR
English (Lesotho), en-LS
English (Madagascar), en-MG
English (Marshall Islands), en-MH
English (Macao SAR), en-MO
English (Northern Mariana Islands), en-MP
English (Montserrat), en-MS
English (Malta), en-MT
English (Mauritius), en-MU
English (Malawi), en-MW
English (Malaysia), en-MY
English (Namibia), en-NA
English (Norfolk Island), en-NF
English (Nigeria), en-NG
English (Netherlands), en-NL
English (Nauru), en-NR
English (Niue), en-NU
English (New Zealand), en-NZ
English (Papua New Guinea), en-PG
English (Philippines), en-PH
English (Pakistan), en-PK
English (Pitcairn Islands), en-PN
English (Puerto Rico), en-PR
English (Palau), en-PW
English (Rwanda), en-RW
English (Solomon Islands), en-SB
English (Seychelles), en-SC
English (Sudan), en-SD
English (Sweden), en-SE
English (Singapore), en-SG
English (St Helena, Ascension, Tristan da Cunha), en-SH
English (Slovenia), en-SI
English (Sierra Leone), en-SL
English (South Sudan), en-SS
English (Sint Maarten), en-SX
English (Swaziland), en-SZ
English (Turks and Caicos Islands), en-TC
English (Tokelau), en-TK
English (Tonga), en-TO
English (Trinidad and Tobago), en-TT
English (Tuvalu), en-TV
English (Tanzania), en-TZ
English (Uganda), en-UG
English (U.S. Outlying Islands), en-UM
English (United States), en-US
English (Saint Vincent and the Grenadines), en-VC
English (British Virgin Islands), en-VG
English (U.S. Virgin Islands), en-VI
English (Vanuatu), en-VU
English (Samoa), en-WS
English (South Africa), en-ZA
English (Zambia), en-ZM
English (Zimbabwe), en-ZW
Esperanto, eo
Esperanto (World), eo-001
Spanish, es
Spanish (Latin America), es-419
Spanish (Argentina), es-AR
Spanish (Bolivia), es-BO
Spanish (Brazil), es-BR
Spanish (Belize), es-BZ
Spanish (Chile), es-CL
Spanish (Colombia), es-CO
Spanish (Costa Rica), es-CR
Spanish (Cuba), es-CU
Spanish (Dominican Republic), es-DO
Spanish (Ecuador), es-EC
Spanish (Spain, International Sort), es-ES
Spanish (Equatorial Guinea), es-GQ
Spanish (Guatemala), es-GT
Spanish (Honduras), es-HN
Spanish (Mexico), es-MX
Spanish (Nicaragua), es-NI
Spanish (Panama), es-PA
Spanish (Peru), es-PE
Spanish (Philippines), es-PH
Spanish (Puerto Rico), es-PR
Spanish (Paraguay), es-PY
Spanish (El Salvador), es-SV
Spanish (United States), es-US
Spanish (Uruguay), es-UY
Spanish (Venezuela), es-VE
Estonian, et
Estonian (Estonia), et-EE
Basque, eu
Basque (Basque), eu-ES
Ewondo, ewo
Ewondo (Cameroon), ewo-CM
Persian, fa
Persian (Iran), fa-IR
Fulah, ff
Fulah (Cameroon), ff-CM
Fulah (Guinea), ff-GN
Fulah, ff-Latn
Fulah (Latin, Senegal), ff-Latn-SN
Fulah (Mauritania), ff-MR
Fulah (Nigeria), ff-NG
Finnish, fi
Finnish (Finland), fi-FI
Filipino, fil
Filipino (Philippines), fil-PH
Faroese, fo
Faroese (Denmark), fo-DK
Faroese (Faroe Islands), fo-FO
French, fr
French (Caribbean), fr-029
French (Belgium), fr-BE
French (Burkina Faso), fr-BF
French (Burundi), fr-BI
French (Benin), fr-BJ
French (Saint Barthelemy), fr-BL
French (Canada), fr-CA
French Congo (DRC), fr-CD
French (Central African Republic), fr-CF
French (Congo), fr-CG
French (Switzerland), fr-CH
French (Cote d’Ivoire), fr-CI
French (Cameroon), fr-CM
French (Djibouti), fr-DJ
French (Algeria), fr-DZ
French (France), fr-FR
French (Gabon), fr-GA
French (French Guiana), fr-GF
French (Guinea), fr-GN
French (Guadeloupe), fr-GP
French (Equatorial Guinea), fr-GQ
French (Haiti), fr-HT
French (Comoros), fr-KM
French (Luxembourg), fr-LU
French (Morocco), fr-MA
French (Monaco), fr-MC
French (Saint Martin), fr-MF
French (Madagascar), fr-MG
French (Mali), fr-ML
French (Martinique), fr-MQ
French (Mauritania), fr-MR
French (Mauritius), fr-MU
French (New Caledonia), fr-NC
French (Niger), fr-NE
French (French Polynesia), fr-PF
French (Saint Pierre and Miquelon), fr-PM
French (Reunion), fr-RE
French (Rwanda), fr-RW
French (Seychelles), fr-SC
French (Senegal), fr-SN
French (Syria), fr-SY
French (Chad), fr-TD
French (Togo), fr-TG
French (Tunisia), fr-TN
French (Vanuatu), fr-VU
French (Wallis and Futuna), fr-WF
French (Mayotte), fr-YT
Friulian, fur
Friulian (Italy), fur-IT
Western Frisian, fy
Western Frisian (Netherlands), fy-NL
Irish, ga
Irish (Ireland), ga-IE
Scottish Gaelic, gd
Scottish Gaelic (United Kingdom), gd-GB
Galician, gl
Galician (Galician), gl-ES
Guarani, gn
Guarani (Paraguay), gn-PY
Swiss German, gsw
Swiss German (Switzerland), gsw-CH
Alsatian (France), gsw-FR
Swiss German (Liechtenstein), gsw-LI
Gujarati, gu
Gujarati (India), gu-IN
Gusii, guz
Gusii (Kenya), guz-KE
Manx, gv
Manx (Isle of Man), gv-IM
Hausa, ha
Hausa (Latin), ha-Latn
Hausa (Latin, Ghana), ha-Latn-GH
Hausa (Latin, Niger), ha-Latn-NE
Hausa (Latin, Nigeria), ha-Latn-NG
Hawaiian, haw
Hawaiian (United States), haw-US
Hebrew, he
Hebrew (Israel), he-IL
Hindi, hi
Hindi (India), hi-IN
Croatian, hr
Croatian (Bosnia and Herzegovina), hr-BA
Croatian (Croatia), hr-HR
Upper Sorbian, hsb
Upper Sorbian (Germany), hsb-DE
Hungarian, hu
Hungarian (Hungary), hu-HU
Armenian, hy
Armenian (Armenia), hy-AM
Interlingua, ia
Interlingua (World), ia-001
Interlingua (France), ia-FR
Ibibio, ibb
Ibibio (Nigeria), ibb-NG
Indonesian, id
Indonesian (Indonesia), id-ID
Igbo, ig
Igbo (Nigeria), ig-NG
Yi, ii
Yi (China), ii-CN
Icelandic, is
Icelandic (Iceland), is-IS
Italian, it
Italian (Switzerland), it-CH
Italian (Italy), it-IT
Italian (San Marino), it-SM
Italian (Vatican City), it-VA
Inuktitut, iu
Inuktitut (Syllabics), iu-Cans
Inuktitut (Syllabics, Canada), iu-Cans-CA
Inuktitut (Latin), iu-Latn
Inuktitut (Latin, Canada), iu-Latn-CA
Japanese, ja
Japanese (Japan), ja-JP
Ngomba, jgo
Ngomba (Cameroon), jgo-CM
Machame, jmc
Machame (Tanzania), jmc-TZ
Javanese, jv
Javanese (Javanese), jv-Java
Javanese (Javanese, Indonesia), jv-Java-ID
Javanese, jv-Latn
Javanese (Indonesia), jv-Latn-ID
Georgian, ka
Georgian (Georgia), ka-GE
Kabyle, kab
Kabyle (Algeria), kab-DZ
Kamba, kam
Kamba (Kenya), kam-KE
Makonde, kde
Makonde (Tanzania), kde-TZ
Kabuverdianu, kea
Kabuverdianu (Cabo Verde), kea-CV
Koyra Chiini, khq
Koyra Chiini (Mali), khq-ML
Kikuyu, ki
Kikuyu (Kenya), ki-KE
Kazakh, kk
Kazakh (Kazakhstan), kk-KZ
Kako, kkj
Kako (Cameroon), kkj-CM
Greenlandic, kl
Greenlandic (Greenland), kl-GL
Kalenjin, kln
Kalenjin (Kenya), kln-KE
Khmer, km
Khmer (Cambodia), km-KH
Kannada, kn
Kannada (India), kn-IN
Korean, ko
Korean (North Korea), ko-KP
Korean (Korea), ko-KR
Konkani, kok
Konkani (India), kok-IN
Kanuri, kr
Kanuri (Nigeria), kr-NG
Kashmiri, ks
Kashmiri (Perso-Arabic), ks-Arab
Kashmiri (Perso-Arabic), ks-Arab-IN
Kashmiri (Devanagari), ks-Deva
Kashmiri (Devanagari), ks-Deva-IN
Shambala, ksb
Shambala (Tanzania), ksb-TZ
Bafia, ksf
Bafia (Cameroon), ksf-CM
Colognian, ksh
Colognian (Germany), ksh-DE
Central Kurdish, ku
Central Kurdish, ku-Arab
Central Kurdish (Iraq), ku-Arab-IQ
Kurdish (Perso-Arabic, Iran), ku-Arab-IR
Cornish, kw
Cornish (United Kingdom), kw-GB
Kyrgyz, ky
Kyrgyz (Kyrgyzstan), ky-KG
Latin, la
Latin (World), la-001
Langi, lag
Langi (Tanzania), lag-TZ
Luxembourgish, lb
Luxembourgish (Luxembourg), lb-LU
Ganda, lg
Ganda (Uganda), lg-UG
Lakota, lkt
Lakota (United States), lkt-US
Lingala, ln
Lingala (Angola), ln-AO
Lingala (Congo DRC), ln-CD
Lingala (Central African Republic), ln-CF
Lingala (Congo), ln-CG
Lao, lo
Lao (Laos), lo-LA
Northern Luri, lrc
Northern Luri (Iraq), lrc-IQ
Northern Luri (Iran), lrc-IR
Lithuanian, lt
Lithuanian (Lithuania), lt-LT
Luba-Katanga, lu
Luba-Katanga (Congo DRC), lu-CD
Luo, luo
Luo (Kenya), luo-KE
Luyia, luy
Luyia (Kenya), luy-KE
Latvian, lv
Latvian (Latvia), lv-LV
Masai, mas
Masai (Kenya), mas-KE
Masai (Tanzania), mas-TZ
Meru, mer
Meru (Kenya), mer-KE
Morisyen, mfe
Morisyen (Mauritius), mfe-MU
Malagasy, mg
Malagasy (Madagascar), mg-MG
Makhuwa-Meetto, mgh
Makhuwa-Meetto (Mozambique), mgh-MZ
Meta?, mgo
Meta? (Cameroon), mgo-CM
Maori, mi
Maori (New Zealand), mi-NZ
Macedonian, mk
Macedonian (Macedonia, FYRO), mk-MK
Malayalam, ml
Malayalam (India), ml-IN
Mongolian, mn
Mongolian, mn-Cyrl
Mongolian (Mongolia), mn-MN
Mongolian (Traditional Mongolian), mn-Mong
Mongolian (Traditional Mongolian, China), mn-Mong-CN
Mongolian (Traditional Mongolian, Mongolia), mn-Mong-MN
Manipuri, mni
Manipuri (India), mni-IN
Mohawk, moh
Mohawk (Mohawk), moh-CA
Marathi, mr
Marathi (India), mr-IN
Malay, ms
Malay (Brunei), ms-BN
Malay (Malaysia), ms-MY
Malay (Singapore), ms-SG
Maltese, mt
Maltese (Malta), mt-MT
Mundang, mua
Mundang (Cameroon), mua-CM
Burmese, my
Burmese (Myanmar), my-MM
Mazanderani, mzn
Mazanderani (Iran), mzn-IR
Nama, naq
Nama (Namibia), naq-NA
Norwegian Bokmal, nb
Norwegian Bokmal (Norway), nb-NO
Norwegian Bokmal (Svalbard and Jan Mayen), nb-SJ
North Ndebele, nd
North Ndebele (Zimbabwe), nd-ZW
Low German, nds
Low German (Germany), nds-DE
Low German (Netherlands), nds-NL
Nepali, ne
Nepali (India), ne-IN
Nepali (Nepal), ne-NP
Dutch, nl
Dutch (Aruba), nl-AW
Dutch (Belgium), nl-BE
Dutch (Bonaire, Sint Eustatius and Saba), nl-BQ
Dutch (Curacao), nl-CW
Dutch (Netherlands), nl-NL
Dutch (Suriname), nl-SR
Dutch (Sint Maarten), nl-SX
Kwasio, nmg
Kwasio (Cameroon), nmg-CM
Norwegian Nynorsk, nn
Norwegian Nynorsk (Norway), nn-NO
Ngiemboon, nnh
Ngiemboon (Cameroon), nnh-CM
Norwegian, no
N'ko, nqo
N'ko (Guinea), nqo-GN
South Ndebele, nr
South Ndebele (South Africa), nr-ZA
Sesotho sa Leboa, nso
Sesotho sa Leboa (South Africa), nso-ZA
Nuer, nus
Nuer (South Sudan), nus-SS
Nyankole, nyn
Nyankole (Uganda), nyn-UG
Occitan, oc
Occitan (France), oc-FR
Oromo, om
Oromo (Ethiopia), om-ET
Oromo (Kenya), om-KE
Odia, or
Odia (India), or-IN
Ossetic, os
Ossetic (Georgia), os-GE
Ossetic (Russia), os-RU
Punjabi, pa
Punjabi, pa-Arab
Punjabi (Pakistan), pa-Arab-PK
Punjabi, pa-Guru
Punjabi (India), pa-IN
Papiamento, pap
Papiamento (Caribbean), pap-029
Polish, pl
Polish (Poland), pl-PL
Prussian, prg
Prussian (World), prg-001
Dari, prs
Dari (Afghanistan), prs-AF
Pashto, ps
Pashto (Afghanistan), ps-AF
Portuguese, pt
Portuguese (Angola), pt-AO
Portuguese (Brazil), pt-BR
Portuguese (Switzerland), pt-CH
Portuguese (Cabo Verde), pt-CV
Portuguese (Equatorial Guinea), pt-GQ
Portuguese (Guinea-Bissau), pt-GW
Portuguese (Luxembourg), pt-LU
Portuguese (Macao SAR), pt-MO
Portuguese (Mozambique), pt-MZ
Portuguese (Portugal), pt-PT
Portuguese (Sao Tome and Principe), pt-ST
Portuguese (Timor-Leste), pt-TL
K'iche', quc
K'iche', quc-Latn
K'iche' (Guatemala), quc-Latn-GT
Quechua, quz
Quechua (Bolivia), quz-BO
Quichua (Ecuador), quz-EC
Quechua (Peru), quz-PE
Romansh, rm
Romansh (Switzerland), rm-CH
Rundi, rn
Rundi (Burundi), rn-BI
Romanian, ro
Romanian (Moldova), ro-MD
Romanian (Romania), ro-RO
Rombo, rof
Rombo (Tanzania), rof-TZ
Russian, ru
Russian (Belarus), ru-BY
Russian (Kyrgyzstan), ru-KG
Russian (Kazakhstan), ru-KZ
Russian (Moldova), ru-MD
Russian (Russia), ru-RU
Russian (Ukraine), ru-UA
Kinyarwanda, rw
Kinyarwanda (Rwanda), rw-RW
Rwa, rwk
Rwa (Tanzania), rwk-TZ
Sanskrit, sa
Sanskrit (India), sa-IN
Sakha, sah
Sakha (Russia), sah-RU
Samburu, saq
Samburu (Kenya), saq-KE
Sangu, sbp
Sangu (Tanzania), sbp-TZ
Sindhi, sd
Sindhi, sd-Arab
Sindhi (Pakistan), sd-Arab-PK
Sindhi (Devanagari), sd-Deva
Sindhi (Devanagari, India), sd-Deva-IN
Northern Sami, se
Sami, Northern (Finland), se-FI
Sami, Northern (Norway), se-NO
Sami, Northern (Sweden), se-SE
Sena, seh
Sena (Mozambique), seh-MZ
Koyraboro Senni, ses
Koyraboro Senni (Mali), ses-ML
Sango, sg
Sango (Central African Republic), sg-CF
Tachelhit, shi
Tachelhit (Latin), shi-Latn
Tachelhit (Latin, Morocco), shi-Latn-MA
Tachelhit (Tifinagh), shi-Tfng
Tachelhit (Tifinagh, Morocco), shi-Tfng-MA
Sinhala, si
Sinhala (Sri Lanka), si-LK
Slovak, sk
Slovak (Slovakia), sk-SK
Slovenian, sl
Slovenian (Slovenia), sl-SI
Sami (Southern), sma
Sami, Southern (Norway), sma-NO
Sami, Southern (Sweden), sma-SE
Sami (Lule), smj
Sami, Lule (Norway), smj-NO
Sami, Lule (Sweden), smj-SE
Sami (Inari), smn
Sami, Inari (Finland), smn-FI
Sami (Skolt), sms
Sami, Skolt (Finland), sms-FI
Shona, sn
Shona (Latin), sn-Latn
Shona (Latin, Zimbabwe), sn-Latn-ZW
Somali, so
Somali (Djibouti), so-DJ
Somali (Ethiopia), so-ET
Somali (Kenya), so-KE
Somali (Somalia), so-SO
Albanian, sq
Albanian (Albania), sq-AL
Albanian (Macedonia, FYRO), sq-MK
Albanian (Kosovo), sq-XK
Serbian, sr
Serbian (Cyrillic), sr-Cyrl
Serbian (Cyrillic, Bosnia and Herzegovina), sr-Cyrl-BA
Serbian (Cyrillic, Montenegro), sr-Cyrl-ME
Serbian (Cyrillic, Serbia), sr-Cyrl-RS
Serbian (Cyrillic, Kosovo), sr-Cyrl-XK
Serbian (Latin), sr-Latn
Serbian (Latin, Bosnia and Herzegovina), sr-Latn-BA
Serbian (Latin, Montenegro), sr-Latn-ME
Serbian (Latin, Serbia), sr-Latn-RS
Serbian (Latin, Kosovo), sr-Latn-XK
siSwati, ss
siSwati (Swaziland), ss-SZ
siSwati (South Africa), ss-ZA
Saho, ssy
Saho (Eritrea), ssy-ER
Sesotho, st
Sesotho (Lesotho), st-LS
Sesotho (South Africa), st-ZA
Swedish, sv
Swedish (Aland Islands), sv-AX
Swedish (Finland), sv-FI
Swedish (Sweden), sv-SE
Kiswahili, sw
Kiswahili (Congo DRC), sw-CD
Kiswahili (Kenya), sw-KE
Kiswahili (Tanzania), sw-TZ
Kiswahili (Uganda), sw-UG
Syriac, syr
Syriac (Syria), syr-SY
Tamil, ta
Tamil (India), ta-IN
Tamil (Sri Lanka), ta-LK
Tamil (Malaysia), ta-MY
Tamil (Singapore), ta-SG
Telugu, te
Telugu (India), te-IN
Teso, teo
Teso (Kenya), teo-KE
Teso (Uganda), teo-UG
Tajik, tg
Tajik (Cyrillic), tg-Cyrl
Tajik (Cyrillic, Tajikistan), tg-Cyrl-TJ
Thai, th
Thai (Thailand), th-TH
Tigrinya, ti
Tigrinya (Eritrea), ti-ER
Tigrinya (Ethiopia), ti-ET
Tigre, tig
Tigre (Eritrea), tig-ER
Turkmen, tk
Turkmen (Turkmenistan), tk-TM
Setswana, tn
Setswana (Botswana), tn-BW
Setswana (South Africa), tn-ZA
Tongan, to
Tongan (Tonga), to-TO
Turkish, tr
Turkish (Cyprus), tr-CY
Turkish (Turkey), tr-TR
Tsonga, ts
Xitsonga (South Africa), ts-ZA
Tatar, tt
Tatar (Russia), tt-RU
Tasawaq, twq
Tasawaq (Niger), twq-NE
Central Atlas Tamazight, tzm
Central Atlas Tamazight (Arabic), tzm-Arab
Central Atlas Tamazight (Arabic, Morocco), tzm-Arab-MA
Central Atlas Tamazight (Latin), tzm-Latn
Central Atlas Tamazight (Latin, Algeria), tzm-Latn-DZ
Central Atlas Tamazight (Latin, Morocco), tzm-Latn-MA
Central Atlas Tamazight (Tifinagh), tzm-Tfng
Central Atlas Tamazight (Tifinagh, Morocco), tzm-Tfng-MA
Uyghur, ug
Uyghur (China), ug-CN
Ukrainian, uk
Ukrainian (Ukraine), uk-UA
Urdu, ur
Urdu (India), ur-IN
Urdu (Pakistan), ur-PK
Uzbek, uz
Uzbek (Perso-Arabic), uz-Arab
Uzbek (Perso-Arabic, Afghanistan), uz-Arab-AF
Uzbek (Cyrillic), uz-Cyrl
Uzbek (Cyrillic, Uzbekistan), uz-Cyrl-UZ
Uzbek (Latin), uz-Latn
Uzbek (Latin, Uzbekistan), uz-Latn-UZ
Vai, vai
Vai (Latin), vai-Latn
Vai (Latin, Liberia), vai-Latn-LR
Vai (Vai), vai-Vaii
Vai (Vai, Liberia), vai-Vaii-LR
Venda, ve
Venda (South Africa), ve-ZA
Vietnamese, vi
Vietnamese (Vietnam), vi-VN
Volapuk, vo
Volapuk (World), vo-001
Vunjo, vun
Vunjo (Tanzania), vun-TZ
Walser, wae
Walser (Switzerland), wae-CH
Wolaytta, wal
Wolaytta (Ethiopia), wal-ET
Wolof, wo
Wolof (Senegal), wo-SN
isiXhosa, xh
isiXhosa (South Africa), xh-ZA
Soga, xog
Soga (Uganda), xog-UG
Yangben, yav
Yangben (Cameroon), yav-CM
Yiddish, yi
Yiddish (World), yi-001
Yoruba, yo
Yoruba (Benin), yo-BJ
Yoruba (Nigeria), yo-NG
Standard Moroccan Tamazight, zgh
Standard Moroccan Tamazight (Tifinagh), zgh-Tfng
Standard Moroccan Tamazight (Tifinagh, Morocco), zgh-Tfng-MA
Chinese, zh
Chinese (Simplified, China), zh-CN
Chinese (Simplified), zh-Hans
Chinese (Simplified Han, Hong Kong SAR), zh-Hans-HK
Chinese (Simplified Han, Macao SAR), zh-Hans-MO
Chinese (Traditional), zh-Hant
Chinese (Traditional, Hong Kong SAR), zh-HK
Chinese (Traditional, Macao SAR), zh-MO
Chinese (Simplified, Singapore), zh-SG
Chinese (Traditional, Taiwan), zh-TW
isiZulu, zu
isiZulu (South Africa), zu-ZA
Chinese (Simplified) Legacy, zh-CHS
Chinese (Traditional) Legacy, zh-CHT
